Algorithm;Hash;Path;Symbol
SHA512;FBCE3CC381BE1EABF47E2C6891823553B050A93650A14709B4254BF4C2F0E335720DB183134A23DD83D8DD96E9B1D144D5CDA4199CA11D715C93D960212FE5FB;sym-amcharts-radar-config.html;amcharts-radar
SHA512;2552F6AEFD837BDEF662FAB07E344D3FAA3D0F00CBAF1806F99F706C826E7CFCA9A291DC8C3A8644FCEE1C5BB5C7BB9C076BE5FCA68F14F492147BB9720D8A12;sym-amcharts-radar-template.html;amcharts-radar
SHA512;AA4DCB1936C2DFCAB066F2ADA97EEF6E2E97BE1DD7BDBE50268DD59C2E8C313572C17511BA4B960DAD97A997982482D17037C8EF30F3AA00146CBB4C5403DE41;sym-amcharts-radar.js;amcharts-radar
SHA512;200D8F4AF33F91E8BE4C08C713CF03F38BB937027120B336FFEAA2A552988DF0C6E069D8A2717511573D1F6461E914BC432015D4B612D43EE9178760FF0540FF;sym-histogram-config.html;histogram
SHA512;7A45B538CAF7E420DE6BA6EE237F465F50EC57ECC88F79B703A05D2B01357F4AF52AB4519092C8B9D84BE0BE8607D79C371419E7E84AA64F17FB660EC071F38C;sym-histogram-template.html;histogram
SHA512;F0B126451D2B619C7E5D3B53E860657A14C389636C76E5285D3841B28A77A30CCE7D53C246A75690348A488879FB41BFDCE4BAD9E2F54DE77EF57C1E799A4759;sym-histogram.js;histogram
SHA512;8EB2187C0655D421A619A1751AAF074AB08536C982D8D8EF75555B3B5D520C65D1E47A8173E13CD2C9BD1D311041A14A46881573E346DFD862BEF071B4E77ADD;sym-sendvalue-config.html;sendvalue
SHA512;98ADFD26B57CB8E2EBCC48EDD728628B51BB1EEB1EB739DB530F5B4725F191758AF9C777E9CB1DF91DD15D3DDDFD48B4762790863E7CD8B12507E81D62A17BD8;sym-sendvalue-template.html;sendvalue
SHA512;ED4B26E0D1DFF58E679D07E1600018A8CBDEDCC3AD25697AFD8556C9604B44E7A8874360919D5E1543CF26F263001E08AD9EF83D7EF331200A73F40AED379549;sym-sendvalue.css;sendvalue
SHA512;E027B89CB78EFD1624E043864E896D8360B083CAE603EFF3915997DCE0E4AC78573C02D10AA14DBAD1CB11998D69AA7C3A06F32930BAE93C5FD7EDCB45728C8E;sym-sendvalue.js;sendvalue
SHA512;9C23771FD9A29AF6F98F020DEAFFF00ED8B5EF39667F64BC3BD09220EC2CC7E65577A0A9036970CD9B44C780C6BD62B2A423AB42E82E77B51DE45B7033624696;sym-timeSeriesDataTable-config.html;timeSeriesDataTable
SHA512;E2EED88C255A4C65A8E1DC567D4CCC099C82AF962F47B94C7909955755719B8201A4A4E967827C5B3156D0533F6895D2E056D65FE4035E88F42D90A8CA64BB77;sym-timeSeriesDataTable-template.html;timeSeriesDataTable
SHA512;ABED54A41720C7FFB6B278B688B7064F25456AA1263F64E1927E9E8F4A49B466AE43315B57CD518FECF0E149B1951CB1F452CB768A1C5A18DE35BA606575C7C3;sym-timeSeriesDataTable.js;timeSeriesDataTable
SHA512;25A5183FDD70F2D3A75D094FC6DB23878E6629489B058FEA516B18F8E9A8E7C7A63916690F7BDF404C97006411E3B542BD1A54A3F19C98FA0ED6B1CFE2277556;sym-totalarray-config.html;totalarray
SHA512;7B3DEB359FD4482B94C22F4380209D9B645F04447341454C6777E91CFDBAD112B868DEE220B9578AE882178BAECDD7A3D853C8F254D769D7336E26FAB82D4B04;sym-totalarray-template.html;totalarray
SHA512;79352A36199D084D6267D6D12616071315AA67E80AB1A0EA4DD6D5AD1C44DA6EF0EE5BD3EEA925675FBC74B53CC1CF2362B44F62C3D2AC485D45B1B8EFD8577B;sym-totalarray.js;totalarray
SHA512;A667FB259B6C71AE2D87B4E7EAF9948EBC4E5EE8DD13827EADDF08705BF0ADBA0E26F6B7ED4F0C1D65088DEA15EFABCC16A0CEA30F20B23813632639EE0C675D;sym-totalmultiphasepump-config.html;totalmultiphasepump
SHA512;66DE7DDECC7B192FDA4B63A5AB6BDF53B24DB6ABD97C1C1AE45F15D1CAF023B8C78B908C093E0FD3CF09C9941E07BB11AC3C32DD5D4E478AC0BB31E9D675638A;sym-totalmultiphasepump-template.html;totalmultiphasepump
SHA512;A4C1CC4CA06FF544337578537057FC08FC81A313CF9E9202BC44A0538B5647EACA0B123FE09DFECBBDDD891549E2690DC8344552178217454D4A21604E5341B0;sym-totalmultiphasepump.js;totalmultiphasepump
SHA512;C77AEE4CF76292C20D0A891E40443E1493325211A3A110DFFE1F3166C0156B534B4D20028DB7EE60BD67210CD719347A40FA3C8D716F36C7B88F84EB3AF4DB78;Icons\loading.gif;sendvalue
SHA512;B8D76ED8D8AA46033014E1ABFAE78136D03810418BA0F541CCBA563D10074617DE6CE434B09EBE27827E405A6EE40FDF59C0E1FAA5DCD3E62B8A7D0BC6472BED;Icons\paper-plane-xxl.png;sendvalue
SHA512;1BF5F53FE733495C9C085E89DBEEF622686A384DFB015662052A3794DB1C96F5269EF4047392C115FCB565E4F599A1B91A76FC74616976334F406D23D1B8C609;Icons\sym-amcharts-radar.png;amcharts-radar
SHA512;67C1955E0EFCC21FAA4648582C7869500E5560B33BD7E1C721E6EF9A2D4437594E1EFD49B3558CC2846C0DE47F01DA43BA84B76E9A2F307D66ED2CEA3D6F49BE;Icons\sym-timeSeriesDataTable.svg;timeSeriesDataTable
SHA512;B0EBDAD5CD2C9914BB4CAEA1FD41166D65C744ADC8D11663BBBC9961A49D515A7DC7D5E688AE7D6F0682F8448E1006C893C6AE0737341BE44C2D29CF43B0C568;Icons\TotalEnergies-Logo.svg;sendvalue
SHA512;B0EBDAD5CD2C9914BB4CAEA1FD41166D65C744ADC8D11663BBBC9961A49D515A7DC7D5E688AE7D6F0682F8448E1006C893C6AE0737341BE44C2D29CF43B0C568;Icons\TotalEnergies-Logo.svg;amcharts-radar
SHA512;130B958C4E4B86973B3EE6C78DFD2005E2F4D8411EBF9CEDA6CD7ED8416159D7989FABF3E5EC7E2F48ADB59821A85630164C66CA76F2835C73FBEBEDC224EC43;libraries\amcharts.js;amcharts-radar
SHA512;FEC50D3F7ECF896E2E137B36AE103BCA6BD332D855B13F1EA4BD301DFF08A88A9E6E392EAD56D7A1EF131D0144C46760B8033002578726B6C8CC1C0B0B42E632;libraries\radar.js;amcharts-radar
SHA512;EC0CA16BAF16DEE4E525CC51D0C525CD36592A255C8D43B416940ED46161B55A469C6C2C8C71C918C296086D7E371AED52514643E172DC317369F070D6A65A00;libraries\serial.js;amcharts-radar
SHA512;711839EEC3524AEB7297682F75BE25409C0621191647E9E0A351B558C818787B75FD1FBD827CB6ABD326706B4DAB7E93E375EAB4B11568F856D32B94902C8DA1;Icons\sym-histogram.white.png;histogram
SHA512;34F432473F68A4575A06FA170B0910CB7385CDCE0741F27DA1A88A2283BF6222011370EAD115BF7CA94EDB1E80614D1259F65F12587DD12A197927F72628637A;Icons\TotalEnvelope.svg;totalmultiphasepump
SHA512;BC7B87DCDEB840FF7C8CD09FAA654099E4A6347F81C7842F1756179BACD65203BFDF9A82317995AC33B80ADF1EBB605409F763FF73C7B89CD058C101BC2B6A88;Icons\TotalTopArray.svg;totalarray
SHA512;8FDF5CA7406EAD8E0A0BB0478EC30585CBE3703712BE5EBF75AA66E172D350FBD05766AE80341CDE5C8FAB51DD5244F9D40C79E8F03E3E9107F1613ABF70BB1B;libraries\acceptedlanguages.js;totalarray
SHA512;781A623E951868C4CF5D9FAA10F4B59535847211354FAF593522720CF5B262D2DD95662C62799549173CF99B2E48AAD4429AC807BA40634845BF7C3B7F909F72;libraries\commonMagion.js;totalarray
SHA512;018D7DF348FF13CA264DBDF7C3464C02C30354516B155794488D3084B6154F2B595BB1AF737CCFB98BA9068970167E90FE34653DDD1F21BBDD01E28F3AF2419F;libraries\d3v4.js;totalarray
SHA512;E4B94FFD5961CDDB5B41C15C15D4F9E301E2B91AC9EDAE1F36E7DA687EEBA0DFF4C573BF5E66F8D7386F2AA2AEC2683C937FCE67205B530D83A512D3F558BA7D;libraries\lodash.js;totalarray
SHA512;BE036E2E7DA8284724804BABFC030D4FA95B5F045BC2C8CD7BD846681F40CE542090C10D6FE59238543A9E777DF7903788979B050E13FA7D196978E03DC91BE3;libraries\lodash.min.js;totalarray
SHA512;6CDB074C800D9F3F398B8D06A1AA80F48925E899612DCDDD71CDB05B9EF0F0989EBC7C2D859D3BBCE593D22C9531C3A4C3C0893D3E201891255B0DE1BB964BF9;libraries\numbro.js;totalarray
SHA512;20D2DA7598E0840F3116F0C65283AD3C62F89A8FDE0849A0863275A2647D2F9E448E067C82DD91FBC9A6BC5FFB166333BDEC53C60268DB87488B0AF264381EC4;libraries\numbrolanguages.js;totalarray
SHA512;8FDF5CA7406EAD8E0A0BB0478EC30585CBE3703712BE5EBF75AA66E172D350FBD05766AE80341CDE5C8FAB51DD5244F9D40C79E8F03E3E9107F1613ABF70BB1B;libraries\acceptedlanguages.js;totalmultiphasepump
SHA512;781A623E951868C4CF5D9FAA10F4B59535847211354FAF593522720CF5B262D2DD95662C62799549173CF99B2E48AAD4429AC807BA40634845BF7C3B7F909F72;libraries\commonMagion.js;totalmultiphasepump
SHA512;018D7DF348FF13CA264DBDF7C3464C02C30354516B155794488D3084B6154F2B595BB1AF737CCFB98BA9068970167E90FE34653DDD1F21BBDD01E28F3AF2419F;libraries\d3v4.js;totalmultiphasepump
SHA512;E4B94FFD5961CDDB5B41C15C15D4F9E301E2B91AC9EDAE1F36E7DA687EEBA0DFF4C573BF5E66F8D7386F2AA2AEC2683C937FCE67205B530D83A512D3F558BA7D;libraries\lodash.js;totalmultiphasepump
SHA512;BE036E2E7DA8284724804BABFC030D4FA95B5F045BC2C8CD7BD846681F40CE542090C10D6FE59238543A9E777DF7903788979B050E13FA7D196978E03DC91BE3;libraries\lodash.min.js;totalmultiphasepump
SHA512;6CDB074C800D9F3F398B8D06A1AA80F48925E899612DCDDD71CDB05B9EF0F0989EBC7C2D859D3BBCE593D22C9531C3A4C3C0893D3E201891255B0DE1BB964BF9;libraries\numbro.js;totalmultiphasepump
SHA512;20D2DA7598E0840F3116F0C65283AD3C62F89A8FDE0849A0863275A2647D2F9E448E067C82DD91FBC9A6BC5FFB166333BDEC53C60268DB87488B0AF264381EC4;libraries\numbrolanguages.js;totalmultiphasepump
